{
  "hash": "4da40617",
  "browserHash": "af1570da",
  "optimized": {
    "@angular/common": {
      "src": "../../../../../node_modules/@angular/common/fesm2022/common.mjs",
      "file": "@angular_common.js",
      "fileHash": "688e8116",
      "needsInterop": false
    },
    "@angular/common/http": {
      "src": "../../../../../node_modules/@angular/common/fesm2022/http.mjs",
      "file": "@angular_common_http.js",
      "fileHash": "9a795d1e",
      "needsInterop": false
    },
    "@angular/core": {
      "src": "../../../../../node_modules/@angular/core/fesm2022/core.mjs",
      "file": "@angular_core.js",
      "fileHash": "e24db423",
      "needsInterop": false
    },
    "@angular/forms": {
      "src": "../../../../../node_modules/@angular/forms/fesm2022/forms.mjs",
      "file": "@angular_forms.js",
      "fileHash": "6fd7e1cf",
      "needsInterop": false
    },
    "@angular/platform-browser": {
      "src": "../../../../../node_modules/@angular/platform-browser/fesm2022/platform-browser.mjs",
      "file": "@angular_platform-browser.js",
      "fileHash": "0e65bcef",
      "needsInterop": false
    },
    "@angular/router": {
      "src": "../../../../../node_modules/@angular/router/fesm2022/router.mjs",
      "file": "@angular_router.js",
      "fileHash": "dc530c7d",
      "needsInterop": false
    }
  },
  "chunks": {
    "chunk-5JVHOGLJ": {
      "file": "chunk-5JVHOGLJ.js"
    },
    "chunk-ICFXINVI": {
      "file": "chunk-ICFXINVI.js"
    },
    "chunk-ZX2BSK4W": {
      "file": "chunk-ZX2BSK4W.js"
    },
    "chunk-63TKGN5U": {
      "file": "chunk-63TKGN5U.js"
    }
  }
}